0,2.0,2.5,3.75,5.333333333333333,4.625,5.636363636363637,6.214285714285714,5.882352941176471,6.095238095238095,6.92,7.517241379310345,7.454545454545454,7.7368421052631575,8.232558139534884,8.625,8.716981132075471,8.898305084745763,9.046153846153846,9.169014084507042,9.272727272727273,9.273809523809524,9.274725274725276,9.275510204081632,9.276190476190477,9.327433628318584,9.37190082644628,9.410852713178295,9.445255474452555,9.385714285714286,9.424657534246576,9.33108108108108,9.278145695364238,9.318471337579618,9.32716049382716,9.236363636363636,9.24705882352941,9.195402298850574,9.192307692307692,9.219895287958115,9.245,9.270531400966183,9.291666666666666,9.311111111111112,9.304721030042918,9.325,9.34136546184739,9.334630350194553,9.328301886792453,9.328301886792453,9.328301886792453,9.328301886792453,9.328301886792453,9.328301886792453,9.328301886792453,9.328301886792453,9.328301886792453,9.328301886792453,9.328301886792453,9.328301886792453,9.328301886792453,9.328301886792453,9.328301886792453,9.328301886792453,9.328301886792453,9.328301886792453,9.328301886792453,9.328301886792453,9.328301886792453,9.328301886792453,9.328301886792453,9.328301886792453,9.328301886792453,9.328301886792453,9.328301886792453,9.328301886792453,9.328301886792453,9.328301886792453,9.328301886792453,9.328301886792453,9.328301886792453,9.328301886792453,9.328301886792453,9.328301886792453,9.328301886792453,9.328301886792453,9.328301886792453,9.328301886792453,9.328301886792453,9.328301886792453,9.328301886792453,9.328301886792453,9.328301886792453,9.328301886792453,9.328301886792453,9.328301886792453,9.328301886792453,9.328301886792453,9.328301886792453,9.328301886792453,9.328301886792453,9.328301886792453,9.328301886792453,9.328301886792453,9.328301886792453,9.328301886792453,9.328301886792453,9.328301886792453,9.328301886792453,9.328301886792453,9.328301886792453,9.328301886792453,9.328301886792453,9.328301886792453,9.328301886792453,9.328301886792453,9.328301886792453,9.328301886792453,9.328301886792453,9.328301886792453,9.328301886792453,9.328301886792453,9.328301886792453,9.328301886792453,9.328301886792453,9.328301886792453,9.328301886792453,9.328301886792453,9.328301886792453,9.328301886792453,9.328301886792453,9.328301886792453,9.328301886792453,9.328301886792453,9.328301886792453,9.328301886792453,9.328301886792453,9.328301886792453,9.328301886792453,9.328301886792453,9.328301886792453,9.328301886792453,9.328301886792453,9.328301886792453,9.328301886792453,9.328301886792453,9.328301886792453,9.328301886792453,9.328301886792453,9.328301886792453,9.328301886792453,9.328301886792453,9.328301886792453,9.328301886792453,9.328301886792453,9.328301886792453,9.328301886792453,9.328301886792453,9.328301886792453,9.328301886792453,9.328301886792453,9.328301886792453,9.328301886792453,9.328301886792453,9.328301886792453,9.328301886792453,9.328301886792453,9.328301886792453,9.328301886792453,9.328301886792453,9.328301886792453,9.328301886792453,9.328301886792453,9.328301886792453,9.328301886792453,9.328301886792453,9.328301886792453,9.328301886792453,9.328301886792453,9.328301886792453,9.328301886792453,9.328301886792453,9.328301886792453,9.328301886792453,9.328301886792453,9.328301886792453,9.328301886792453,9.328301886792453,9.328301886792453,9.328301886792453,9.328301886792453,9.328301886792453,9.328301886792453,9.328301886792453,9.328301886792453,9.328301886792453,9.328301886792453,9.328301886792453,9.328301886792453,9.328301886792453,9.328301886792453,9.328301886792453,9.328301886792453,9.328301886792453,9.328301886792453,9.328301886792453,9.328301886792453,9.328301886792453,9.328301886792453,9.328301886792453,9.328301886792453,9.328301886792453,9.328301886792453,9.328301886792453,9.328301886792453,9.328301886792453,9.328301886792453,9.328301886792453,9.328301886792453,9.328301886792453,9.328301886792453,9.328301886792453,9.328301886792453,9.328301886792453,9.328301886792453,9.328301886792453,9.328301886792453,9.328301886792453,9.328301886792453,9.328301886792453,9.328301886792453,9.328301886792453,9.328301886792453,9.328301886792453,9.328301886792453,9.328301886792453,9.328301886792453,9.328301886792453,9.328301886792453,9.328301886792453,9.328301886792453,9.328301886792453,9.328301886792453,9.328301886792453,9.328301886792453,9.328301886792453,9.328301886792453,9.328301886792453,9.328301886792453,9.328301886792453,9.328301886792453,9.328301886792453,9.328301886792453,9.328301886792453,9.328301886792453,9.328301886792453,9.328301886792453,9.328301886792453,9.328301886792453,9.328301886792453,9.328301886792453,9.328301886792453,9.328301886792453,9.328301886792453,9.328301886792453,9.328301886792453,9.328301886792453,9.328301886792453,9.328301886792453,9.328301886792453,9.328301886792453,9.328301886792453,9.328301886792453,9.328301886792453,9.328301886792453,9.328301886792453,9.328301886792453,9.328301886792453,9.328301886792453,9.328301886792453,9.328301886792453,9.328301886792453,9.328301886792453,9.328301886792453,9.328301886792453,9.328301886792453,9.328301886792453,9.328301886792453,9.328301886792453,9.328301886792453,9.328301886792453,9.328301886792453,9.328301886792453,9.328301886792453,9.328301886792453,9.328301886792453,9.328301886792453,9.328301886792453,9.328301886792453,9.328301886792453
0,3.0,3.0,3.0,3.4,3.6666666666666665,3.5,3.6,3.6666666666666665,3.6666666666666665,3.6666666666666665,3.7,3.6363636363636362,3.7916666666666665,3.7916666666666665,3.7916666666666665,3.7916666666666665,3.7916666666666665,3.7916666666666665,3.7916666666666665,3.7916666666666665,3.7916666666666665,3.7916666666666665,3.7916666666666665,3.7916666666666665,3.7916666666666665,3.7916666666666665,3.7916666666666665,3.7916666666666665,3.7916666666666665,3.7916666666666665,3.7916666666666665,3.7916666666666665,3.7916666666666665,3.7916666666666665,3.7916666666666665,3.7916666666666665,3.7916666666666665,3.7916666666666665,3.7916666666666665,3.7916666666666665,3.7916666666666665,3.7916666666666665,3.7916666666666665,3.7916666666666665,3.7916666666666665,3.7916666666666665,3.7916666666666665,3.7916666666666665,3.7916666666666665,3.7916666666666665,3.7916666666666665,3.7916666666666665,3.7916666666666665,3.7916666666666665,3.7916666666666665,3.7916666666666665,3.7916666666666665,3.7916666666666665,3.7916666666666665,3.7916666666666665,3.7916666666666665,3.7916666666666665,3.7916666666666665,3.7916666666666665,3.7916666666666665,3.7916666666666665,3.7916666666666665,3.7916666666666665,3.7916666666666665,3.7916666666666665,3.7916666666666665,3.7916666666666665,3.7916666666666665,3.7916666666666665,3.7916666666666665,3.7916666666666665,3.7916666666666665,3.7916666666666665,3.7916666666666665,3.7916666666666665,3.7916666666666665,3.7916666666666665,3.7916666666666665,3.7916666666666665,3.7916666666666665,3.7916666666666665,3.7916666666666665,3.7916666666666665,3.7916666666666665,3.7916666666666665,3.7916666666666665,3.7916666666666665,3.7916666666666665,3.7916666666666665,3.7916666666666665,3.7916666666666665,3.7916666666666665,3.7916666666666665,3.7916666666666665,3.7916666666666665,3.7916666666666665,3.7916666666666665,3.7916666666666665,3.7916666666666665,3.7916666666666665,3.7916666666666665,3.7916666666666665,3.7916666666666665,3.7916666666666665,3.7916666666666665,3.7916666666666665,3.7916666666666665,3.7916666666666665,3.7916666666666665,3.7916666666666665,3.7916666666666665,3.7916666666666665,3.7916666666666665,3.7916666666666665,3.7916666666666665,3.7916666666666665,3.7916666666666665,3.7916666666666665,3.7916666666666665,3.7916666666666665,3.7916666666666665,3.7916666666666665,3.7916666666666665,3.7916666666666665,3.7916666666666665,3.7916666666666665,3.7916666666666665,3.7916666666666665,3.7916666666666665,3.7916666666666665,3.7916666666666665,3.7916666666666665,3.7916666666666665,3.7916666666666665,3.7916666666666665,3.7916666666666665,3.7916666666666665,3.7916666666666665,3.7916666666666665,3.7916666666666665,3.7916666666666665,3.7916666666666665,3.7916666666666665,3.7916666666666665,3.7916666666666665,3.7916666666666665,3.7916666666666665,3.7916666666666665,3.7916666666666665,3.7916666666666665,3.7916666666666665,3.7916666666666665,3.7916666666666665,3.7916666666666665,3.7916666666666665,3.7916666666666665,3.7916666666666665,3.7916666666666665,3.7916666666666665,3.7916666666666665,3.7916666666666665,3.7916666666666665,3.7916666666666665,3.7916666666666665,3.7916666666666665,3.7916666666666665,3.7916666666666665,3.7916666666666665,3.7916666666666665,3.7916666666666665,3.7916666666666665,3.7916666666666665,3.7916666666666665,3.7916666666666665,3.7916666666666665,3.7916666666666665,3.7916666666666665,3.7916666666666665,3.7916666666666665,3.7916666666666665,3.7916666666666665,3.7916666666666665,3.7916666666666665,3.7916666666666665,3.7916666666666665,3.7916666666666665,3.7916666666666665,3.7916666666666665,3.7916666666666665,3.7916666666666665,3.7916666666666665,3.7916666666666665,3.7916666666666665,3.7916666666666665,3.7916666666666665,3.7916666666666665,3.7916666666666665,3.7916666666666665,3.7916666666666665,3.7916666666666665,3.7916666666666665,3.7916666666666665,3.7916666666666665,3.7916666666666665,3.7916666666666665,3.7916666666666665,3.7916666666666665,3.7916666666666665,3.7916666666666665,3.7916666666666665,3.7916666666666665,3.7916666666666665,3.7916666666666665,3.7916666666666665,3.7916666666666665,3.7916666666666665,3.7916666666666665,3.7916666666666665,3.7916666666666665,3.7916666666666665,3.7916666666666665,3.7916666666666665,3.7916666666666665,3.7916666666666665,3.7916666666666665,3.7916666666666665,3.7916666666666665,3.7916666666666665,3.7916666666666665,3.7916666666666665,3.7916666666666665,3.7916666666666665,3.7916666666666665,3.7916666666666665,3.7916666666666665,3.7916666666666665,3.7916666666666665,3.7916666666666665,3.7916666666666665,3.7916666666666665,3.7916666666666665,3.7916666666666665,3.7916666666666665,3.7916666666666665,3.7916666666666665,3.7916666666666665,3.7916666666666665,3.7916666666666665,3.7916666666666665,3.7916666666666665,3.7916666666666665,3.7916666666666665,3.7916666666666665,3.7916666666666665,3.7916666666666665,3.7916666666666665,3.7916666666666665,3.7916666666666665,3.7916666666666665,3.7916666666666665,3.7916666666666665,3.7916666666666665,3.7916666666666665,3.7916666666666665,3.7916666666666665,3.7916666666666665,3.7916666666666665,3.7916666666666665,3.7916666666666665,3.7916666666666665,3.7916666666666665,3.7916666666666665,3.7916666666666665,3.7916666666666665,3.7916666666666665,3.7916666666666665,3.7916666666666665,3.7916666666666665,3.7916666666666665,3.7916666666666665,3.7916666666666665,3.7916666666666665,3.7916666666666665,3.7916666666666665,3.7916666666666665,3.7916666666666665,3.7916666666666665,3.7916666666666665,3.7916666666666665,3.7916666666666665,3.7916666666666665,3.7916666666666665,3.7916666666666665,3.7916666666666665
0,10.0,12.5,12.5,12.5,13.75,14.545454545454545,14.133333333333333,13.7,13.64,13.483870967741936,13.378378378378379,13.153846153846153,13.066666666666666,12.942307692307692,12.847457627118644,12.738461538461538,12.661764705882353,12.616438356164384,12.552631578947368,12.49367088607595,12.53012048192771,12.563218390804598,12.593406593406593,12.645833333333334,12.693069306930694,12.735849056603774,12.735849056603774,12.735849056603774,12.735849056603774,12.735849056603774,12.735849056603774,12.735849056603774,12.735849056603774,12.735849056603774,12.735849056603774,12.735849056603774,12.735849056603774,12.735849056603774,12.735849056603774,12.735849056603774,12.735849056603774,12.735849056603774,12.735849056603774,12.735849056603774,12.735849056603774,12.735849056603774,12.735849056603774,12.735849056603774,12.735849056603774,12.735849056603774,12.735849056603774,12.735849056603774,12.735849056603774,12.735849056603774,12.735849056603774,12.735849056603774,12.735849056603774,12.735849056603774,12.735849056603774,12.735849056603774,12.735849056603774,12.735849056603774,12.735849056603774,12.735849056603774,12.735849056603774,12.735849056603774,12.735849056603774,12.735849056603774,12.735849056603774,12.735849056603774,12.735849056603774,12.735849056603774,12.735849056603774,12.735849056603774,12.735849056603774,12.735849056603774,12.735849056603774,12.735849056603774,12.735849056603774,12.735849056603774,12.735849056603774,12.735849056603774,12.735849056603774,12.735849056603774,12.735849056603774,12.735849056603774,12.735849056603774,12.735849056603774,12.735849056603774,12.735849056603774,12.735849056603774,12.735849056603774,12.735849056603774,12.735849056603774,12.735849056603774,12.735849056603774,12.735849056603774,12.735849056603774,12.735849056603774,12.735849056603774,12.735849056603774,12.735849056603774,12.735849056603774,12.735849056603774,12.735849056603774,12.735849056603774,12.735849056603774,12.735849056603774,12.735849056603774,12.735849056603774,12.735849056603774,12.735849056603774,12.735849056603774,12.735849056603774,12.735849056603774,12.735849056603774,12.735849056603774,12.735849056603774,12.735849056603774,12.735849056603774,12.735849056603774,12.735849056603774,12.735849056603774,12.735849056603774,12.735849056603774,12.735849056603774,12.735849056603774,12.735849056603774,12.735849056603774,12.735849056603774,12.735849056603774,12.735849056603774,12.735849056603774,12.735849056603774,12.735849056603774,12.735849056603774,12.735849056603774,12.735849056603774,12.735849056603774,12.735849056603774,12.735849056603774,12.735849056603774,12.735849056603774,12.735849056603774,12.735849056603774,12.735849056603774,12.735849056603774,12.735849056603774,12.735849056603774,12.735849056603774,12.735849056603774,12.735849056603774,12.735849056603774,12.735849056603774,12.735849056603774,12.735849056603774,12.735849056603774,12.735849056603774,12.735849056603774,12.735849056603774,12.735849056603774,12.735849056603774,12.735849056603774,12.735849056603774,12.735849056603774,12.735849056603774,12.735849056603774,12.735849056603774,12.735849056603774,12.735849056603774,12.735849056603774,12.735849056603774,12.735849056603774,12.735849056603774,12.735849056603774,12.735849056603774,12.735849056603774,12.735849056603774,12.735849056603774,12.735849056603774,12.735849056603774,12.735849056603774,12.735849056603774,12.735849056603774,12.735849056603774,12.735849056603774,12.735849056603774,12.735849056603774,12.735849056603774,12.735849056603774,12.735849056603774,12.735849056603774,12.735849056603774,12.735849056603774,12.735849056603774,12.735849056603774,12.735849056603774,12.735849056603774,12.735849056603774,12.735849056603774,12.735849056603774,12.735849056603774,12.735849056603774,12.735849056603774,12.735849056603774,12.735849056603774,12.735849056603774,12.735849056603774,12.735849056603774,12.735849056603774,12.735849056603774,12.735849056603774,12.735849056603774,12.735849056603774,12.735849056603774,12.735849056603774,12.735849056603774,12.735849056603774,12.735849056603774,12.735849056603774,12.735849056603774,12.735849056603774,12.735849056603774,12.735849056603774,12.735849056603774,12.735849056603774,12.735849056603774,12.735849056603774,12.735849056603774,12.735849056603774,12.735849056603774,12.735849056603774,12.735849056603774,12.735849056603774,12.735849056603774,12.735849056603774,12.735849056603774,12.735849056603774,12.735849056603774,12.735849056603774,12.735849056603774,12.735849056603774,12.735849056603774,12.735849056603774,12.735849056603774,12.735849056603774,12.735849056603774,12.735849056603774,12.735849056603774,12.735849056603774,12.735849056603774,12.735849056603774,12.735849056603774,12.735849056603774,12.735849056603774,12.735849056603774,12.735849056603774,12.735849056603774,12.735849056603774,12.735849056603774,12.735849056603774,12.735849056603774,12.735849056603774,12.735849056603774,12.735849056603774,12.735849056603774,12.735849056603774,12.735849056603774,12.735849056603774,12.735849056603774,12.735849056603774,12.735849056603774,12.735849056603774,12.735849056603774,12.735849056603774,12.735849056603774,12.735849056603774,12.735849056603774,12.735849056603774,12.735849056603774,12.735849056603774,12.735849056603774,12.735849056603774,12.735849056603774,12.735849056603774,12.735849056603774,12.735849056603774,12.735849056603774,12.735849056603774,12.735849056603774,12.735849056603774,12.735849056603774,12.735849056603774,12.735849056603774,12.735849056603774,12.735849056603774,12.735849056603774,12.735849056603774,12.735849056603774
0,3.0,4.0,4.0,5.166666666666667,5.444444444444445,5.9,5.583333333333333,5.714285714285714,5.764705882352941,5.7368421052631575,5.681818181818182,5.84,5.84,5.84,5.84,5.84,5.84,5.84,5.84,5.84,5.84,5.84,5.84,5.84,5.84,5.84,5.84,5.84,5.84,5.84,5.84,5.84,5.84,5.84,5.84,5.84,5.84,5.84,5.84,5.84,5.84,5.84,5.84,5.84,5.84,5.84,5.84,5.84,5.84,5.84,5.84,5.84,5.84,5.84,5.84,5.84,5.84,5.84,5.84,5.84,5.84,5.84,5.84,5.84,5.84,5.84,5.84,5.84,5.84,5.84,5.84,5.84,5.84,5.84,5.84,5.84,5.84,5.84,5.84,5.84,5.84,5.84,5.84,5.84,5.84,5.84,5.84,5.84,5.84,5.84,5.84,5.84,5.84,5.84,5.84,5.84,5.84,5.84,5.84,5.84,5.84,5.84,5.84,5.84,5.84,5.84,5.84,5.84,5.84,5.84,5.84,5.84,5.84,5.84,5.84,5.84,5.84,5.84,5.84,5.84,5.84,5.84,5.84,5.84,5.84,5.84,5.84,5.84,5.84,5.84,5.84,5.84,5.84,5.84,5.84,5.84,5.84,5.84,5.84,5.84,5.84,5.84,5.84,5.84,5.84,5.84,5.84,5.84,5.84,5.84,5.84,5.84,5.84,5.84,5.84,5.84,5.84,5.84,5.84,5.84,5.84,5.84,5.84,5.84,5.84,5.84,5.84,5.84,5.84,5.84,5.84,5.84,5.84,5.84,5.84,5.84,5.84,5.84,5.84,5.84,5.84,5.84,5.84,5.84,5.84,5.84,5.84,5.84,5.84,5.84,5.84,5.84,5.84,5.84,5.84,5.84,5.84,5.84,5.84,5.84,5.84,5.84,5.84,5.84,5.84,5.84,5.84,5.84,5.84,5.84,5.84,5.84,5.84,5.84,5.84,5.84,5.84,5.84,5.84,5.84,5.84,5.84,5.84,5.84,5.84,5.84,5.84,5.84,5.84,5.84,5.84,5.84,5.84,5.84,5.84,5.84,5.84,5.84,5.84,5.84,5.84,5.84,5.84,5.84,5.84,5.84,5.84,5.84,5.84,5.84,5.84,5.84,5.84,5.84,5.84,5.84,5.84,5.84,5.84,5.84,5.84,5.84,5.84,5.84,5.84,5.84,5.84,5.84,5.84,5.84,5.84,5.84,5.84,5.84,5.84,5.84,5.84,5.84,5.84,5.84,5.84,5.84,5.84,5.84,5.84,5.84,5.84,5.84,5.84,5.84,5.84,5.84,5.84,5.84,5.84,5.84,5.84,5.84,5.84
0,5.0,5.0,5.0,5.0,5.375,5.375,5.375,5.375,5.375,5.375,5.375,5.375,5.375,5.375,5.375,5.375,5.375,5.375,5.375,5.375,5.375,5.375,5.375,5.375,5.375,5.375,5.375,5.375,5.375,5.375,5.375,5.375,5.375,5.375,5.375,5.375,5.375,5.375,5.375,5.375,5.375,5.375,5.375,5.375,5.375,5.375,5.375,5.375,5.375,5.375,5.375,5.375,5.375,5.375,5.375,5.375,5.375,5.375,5.375,5.375,5.375,5.375,5.375,5.375,5.375,5.375,5.375,5.375,5.375,5.375,5.375,5.375,5.375,5.375,5.375,5.375,5.375,5.375,5.375,5.375,5.375,5.375,5.375,5.375,5.375,5.375,5.375,5.375,5.375,5.375,5.375,5.375,5.375,5.375,5.375,5.375,5.375,5.375,5.375,5.375,5.375,5.375,5.375,5.375,5.375,5.375,5.375,5.375,5.375,5.375,5.375,5.375,5.375,5.375,5.375,5.375,5.375,5.375,5.375,5.375,5.375,5.375,5.375,5.375,5.375,5.375,5.375,5.375,5.375,5.375,5.375,5.375,5.375,5.375,5.375,5.375,5.375,5.375,5.375,5.375,5.375,5.375,5.375,5.375,5.375,5.375,5.375,5.375,5.375,5.375,5.375,5.375,5.375,5.375,5.375,5.375,5.375,5.375,5.375,5.375,5.375,5.375,5.375,5.375,5.375,5.375,5.375,5.375,5.375,5.375,5.375,5.375,5.375,5.375,5.375,5.375,5.375,5.375,5.375,5.375,5.375,5.375,5.375,5.375,5.375,5.375,5.375,5.375,5.375,5.375,5.375,5.375,5.375,5.375,5.375,5.375,5.375,5.375,5.375,5.375,5.375,5.375,5.375,5.375,5.375,5.375,5.375,5.375,5.375,5.375,5.375,5.375,5.375,5.375,5.375,5.375,5.375,5.375,5.375,5.375,5.375,5.375,5.375,5.375,5.375,5.375,5.375,5.375,5.375,5.375,5.375,5.375,5.375,5.375,5.375,5.375,5.375,5.375,5.375,5.375,5.375,5.375,5.375,5.375,5.375,5.375,5.375,5.375,5.375,5.375,5.375,5.375,5.375,5.375,5.375,5.375,5.375,5.375,5.375,5.375,5.375,5.375,5.375,5.375,5.375,5.375,5.375,5.375,5.375,5.375,5.375,5.375,5.375,5.375,5.375,5.375,5.375,5.375,5.375,5.375,5.375,5.375,5.375,5.375,5.375,5.375,5.375,5.375,5.375,5.375,5.375,5.375,5.375,5.375,5.375,5.375,5.375,5.375,5.375
0,2.0,4.666666666666667,6.2,7.25,7.7272727272727275,7.5,7.777777777777778,7.954545454545454,8.076923076923077,7.857142857142857,7.903225806451613,7.903225806451613,7.903225806451613,7.903225806451613,7.903225806451613,7.903225806451613,7.903225806451613,7.903225806451613,7.903225806451613,7.903225806451613,7.903225806451613,7.903225806451613,7.903225806451613,7.903225806451613,7.903225806451613,7.903225806451613,7.903225806451613,7.903225806451613,7.903225806451613,7.903225806451613,7.903225806451613,7.903225806451613,7.903225806451613,7.903225806451613,7.903225806451613,7.903225806451613,7.903225806451613,7.903225806451613,7.903225806451613,7.903225806451613,7.903225806451613,7.903225806451613,7.903225806451613,7.903225806451613,7.903225806451613,7.903225806451613,7.903225806451613,7.903225806451613,7.903225806451613,7.903225806451613,7.903225806451613,7.903225806451613,7.903225806451613,7.903225806451613,7.903225806451613,7.903225806451613,7.903225806451613,7.903225806451613,7.903225806451613,7.903225806451613,7.903225806451613,7.903225806451613,7.903225806451613,7.903225806451613,7.903225806451613,7.903225806451613,7.903225806451613,7.903225806451613,7.903225806451613,7.903225806451613,7.903225806451613,7.903225806451613,7.903225806451613,7.903225806451613,7.903225806451613,7.903225806451613,7.903225806451613,7.903225806451613,7.903225806451613,7.903225806451613,7.903225806451613,7.903225806451613,7.903225806451613,7.903225806451613,7.903225806451613,7.903225806451613,7.903225806451613,7.903225806451613,7.903225806451613,7.903225806451613,7.903225806451613,7.903225806451613,7.903225806451613,7.903225806451613,7.903225806451613,7.903225806451613,7.903225806451613,7.903225806451613,7.903225806451613,7.903225806451613,7.903225806451613,7.903225806451613,7.903225806451613,7.903225806451613,7.903225806451613,7.903225806451613,7.903225806451613,7.903225806451613,7.903225806451613,7.903225806451613,7.903225806451613,7.903225806451613,7.903225806451613,7.903225806451613,7.903225806451613,7.903225806451613,7.903225806451613,7.903225806451613,7.903225806451613,7.903225806451613,7.903225806451613,7.903225806451613,7.903225806451613,7.903225806451613,7.903225806451613,7.903225806451613,7.903225806451613,7.903225806451613,7.903225806451613,7.903225806451613,7.903225806451613,7.903225806451613,7.903225806451613,7.903225806451613,7.903225806451613,7.903225806451613,7.903225806451613,7.903225806451613,7.903225806451613,7.903225806451613,7.903225806451613,7.903225806451613,7.903225806451613,7.903225806451613,7.903225806451613,7.903225806451613,7.903225806451613,7.903225806451613,7.903225806451613,7.903225806451613,7.903225806451613,7.903225806451613,7.903225806451613,7.903225806451613,7.903225806451613,7.903225806451613,7.903225806451613,7.903225806451613,7.903225806451613,7.903225806451613,7.903225806451613,7.903225806451613,7.903225806451613,7.903225806451613,7.903225806451613,7.903225806451613,7.903225806451613,7.903225806451613,7.903225806451613,7.903225806451613,7.903225806451613,7.903225806451613,7.903225806451613,7.903225806451613,7.903225806451613,7.903225806451613,7.903225806451613,7.903225806451613,7.903225806451613,7.903225806451613,7.903225806451613,7.903225806451613,7.903225806451613,7.903225806451613,7.903225806451613,7.903225806451613,7.903225806451613,7.903225806451613,7.903225806451613,7.903225806451613,7.903225806451613,7.903225806451613,7.903225806451613,7.903225806451613,7.903225806451613,7.903225806451613,7.903225806451613,7.903225806451613,7.903225806451613,7.903225806451613,7.903225806451613,7.903225806451613,7.903225806451613,7.903225806451613,7.903225806451613,7.903225806451613,7.903225806451613,7.903225806451613,7.903225806451613,7.903225806451613,7.903225806451613,7.903225806451613,7.903225806451613,7.903225806451613,7.903225806451613,7.903225806451613,7.903225806451613,7.903225806451613,7.903225806451613,7.903225806451613,7.903225806451613,7.903225806451613,7.903225806451613,7.903225806451613,7.903225806451613,7.903225806451613,7.903225806451613,7.903225806451613,7.903225806451613,7.903225806451613,7.903225806451613,7.903225806451613,7.903225806451613,7.903225806451613,7.903225806451613,7.903225806451613,7.903225806451613,7.903225806451613,7.903225806451613,7.903225806451613,7.903225806451613,7.903225806451613,7.903225806451613,7.903225806451613,7.903225806451613,7.903225806451613,7.903225806451613,7.903225806451613,7.903225806451613,7.903225806451613,7.903225806451613,7.903225806451613,7.903225806451613,7.903225806451613,7.903225806451613,7.903225806451613,7.903225806451613,7.903225806451613,7.903225806451613,7.903225806451613,7.903225806451613,7.903225806451613,7.903225806451613,7.903225806451613,7.903225806451613,7.903225806451613,7.903225806451613,7.903225806451613,7.903225806451613,7.903225806451613,7.903225806451613,7.903225806451613,7.903225806451613,7.903225806451613,7.903225806451613,7.903225806451613,7.903225806451613,7.903225806451613,7.903225806451613,7.903225806451613,7.903225806451613,7.903225806451613,7.903225806451613,7.903225806451613,7.903225806451613,7.903225806451613,7.903225806451613,7.903225806451613,7.903225806451613,7.903225806451613,7.903225806451613,7.903225806451613,7.903225806451613,7.903225806451613,7.903225806451613,7.903225806451613,7.903225806451613,7.903225806451613,7.903225806451613
0,3.0,4.0,4.0,4.0,4.625,4.625,4.625,4.625,4.625,4.625,4.625,4.625,4.625,4.625,4.625,4.625,4.625,4.625,4.625,4.625,4.625,4.625,4.625,4.625,4.625,4.625,4.625,4.625,4.625,4.625,4.625,4.625,4.625,4.625,4.625,4.625,4.625,4.625,4.625,4.625,4.625,4.625,4.625,4.625,4.625,4.625,4.625,4.625,4.625,4.625,4.625,4.625,4.625,4.625,4.625,4.625,4.625,4.625,4.625,4.625,4.625,4.625,4.625,4.625,4.625,4.625,4.625,4.625,4.625,4.625,4.625,4.625,4.625,4.625,4.625,4.625,4.625,4.625,4.625,4.625,4.625,4.625,4.625,4.625,4.625,4.625,4.625,4.625,4.625,4.625,4.625,4.625,4.625,4.625,4.625,4.625,4.625,4.625,4.625,4.625,4.625,4.625,4.625,4.625,4.625,4.625,4.625,4.625,4.625,4.625,4.625,4.625,4.625,4.625,4.625,4.625,4.625,4.625,4.625,4.625,4.625,4.625,4.625,4.625,4.625,4.625,4.625,4.625,4.625,4.625,4.625,4.625,4.625,4.625,4.625,4.625,4.625,4.625,4.625,4.625,4.625,4.625,4.625,4.625,4.625,4.625,4.625,4.625,4.625,4.625,4.625,4.625,4.625,4.625,4.625,4.625,4.625,4.625,4.625,4.625,4.625,4.625,4.625,4.625,4.625,4.625,4.625,4.625,4.625,4.625,4.625,4.625,4.625,4.625,4.625,4.625,4.625,4.625,4.625,4.625,4.625,4.625,4.625,4.625,4.625,4.625,4.625,4.625,4.625,4.625,4.625,4.625,4.625,4.625,4.625,4.625,4.625,4.625,4.625,4.625,4.625,4.625,4.625,4.625,4.625,4.625,4.625,4.625,4.625,4.625,4.625,4.625,4.625,4.625,4.625,4.625,4.625,4.625,4.625,4.625,4.625,4.625,4.625,4.625,4.625,4.625,4.625,4.625,4.625,4.625,4.625,4.625,4.625,4.625,4.625,4.625,4.625,4.625,4.625,4.625,4.625,4.625,4.625,4.625,4.625,4.625,4.625,4.625,4.625,4.625,4.625,4.625,4.625,4.625,4.625,4.625,4.625,4.625,4.625,4.625,4.625,4.625,4.625,4.625,4.625,4.625,4.625,4.625,4.625,4.625,4.625,4.625,4.625,4.625,4.625,4.625,4.625,4.625,4.625,4.625,4.625,4.625,4.625,4.625,4.625,4.625,4.625,4.625,4.625,4.625,4.625,4.625,4.625,4.625,4.625,4.625,4.625,4.625,4.625
0,3.0,6.5,6.5,5.333333333333333,5.625,5.545454545454546,5.5,5.470588235294118,5.473684210526316,5.681818181818182,5.681818181818182,5.681818181818182,5.681818181818182,5.681818181818182,5.681818181818182,5.681818181818182,5.681818181818182,5.681818181818182,5.681818181818182,5.681818181818182,5.681818181818182,5.681818181818182,5.681818181818182,5.681818181818182,5.681818181818182,5.681818181818182,5.681818181818182,5.681818181818182,5.681818181818182,5.681818181818182,5.681818181818182,5.681818181818182,5.681818181818182,5.681818181818182,5.681818181818182,5.681818181818182,5.681818181818182,5.681818181818182,5.681818181818182,5.681818181818182,5.681818181818182,5.681818181818182,5.681818181818182,5.681818181818182,5.681818181818182,5.681818181818182,5.681818181818182,5.681818181818182,5.681818181818182,5.681818181818182,5.681818181818182,5.681818181818182,5.681818181818182,5.681818181818182,5.681818181818182,5.681818181818182,5.681818181818182,5.681818181818182,5.681818181818182,5.681818181818182,5.681818181818182,5.681818181818182,5.681818181818182,5.681818181818182,5.681818181818182,5.681818181818182,5.681818181818182,5.681818181818182,5.681818181818182,5.681818181818182,5.681818181818182,5.681818181818182,5.681818181818182,5.681818181818182,5.681818181818182,5.681818181818182,5.681818181818182,5.681818181818182,5.681818181818182,5.681818181818182,5.681818181818182,5.681818181818182,5.681818181818182,5.681818181818182,5.681818181818182,5.681818181818182,5.681818181818182,5.681818181818182,5.681818181818182,5.681818181818182,5.681818181818182,5.681818181818182,5.681818181818182,5.681818181818182,5.681818181818182,5.681818181818182,5.681818181818182,5.681818181818182,5.681818181818182,5.681818181818182,5.681818181818182,5.681818181818182,5.681818181818182,5.681818181818182,5.681818181818182,5.681818181818182,5.681818181818182,5.681818181818182,5.681818181818182,5.681818181818182,5.681818181818182,5.681818181818182,5.681818181818182,5.681818181818182,5.681818181818182,5.681818181818182,5.681818181818182,5.681818181818182,5.681818181818182,5.681818181818182,5.681818181818182,5.681818181818182,5.681818181818182,5.681818181818182,5.681818181818182,5.681818181818182,5.681818181818182,5.681818181818182,5.681818181818182,5.681818181818182,5.681818181818182,5.681818181818182,5.681818181818182,5.681818181818182,5.681818181818182,5.681818181818182,5.681818181818182,5.681818181818182,5.681818181818182,5.681818181818182,5.681818181818182,5.681818181818182,5.681818181818182,5.681818181818182,5.681818181818182,5.681818181818182,5.681818181818182,5.681818181818182,5.681818181818182,5.681818181818182,5.681818181818182,5.681818181818182,5.681818181818182,5.681818181818182,5.681818181818182,5.681818181818182,5.681818181818182,5.681818181818182,5.681818181818182,5.681818181818182,5.681818181818182,5.681818181818182,5.681818181818182,5.681818181818182,5.681818181818182,5.681818181818182,5.681818181818182,5.681818181818182,5.681818181818182,5.681818181818182,5.681818181818182,5.681818181818182,5.681818181818182,5.681818181818182,5.681818181818182,5.681818181818182,5.681818181818182,5.681818181818182,5.681818181818182,5.681818181818182,5.681818181818182,5.681818181818182,5.681818181818182,5.681818181818182,5.681818181818182,5.681818181818182,5.681818181818182,5.681818181818182,5.681818181818182,5.681818181818182,5.681818181818182,5.681818181818182,5.681818181818182,5.681818181818182,5.681818181818182,5.681818181818182,5.681818181818182,5.681818181818182,5.681818181818182,5.681818181818182,5.681818181818182,5.681818181818182,5.681818181818182,5.681818181818182,5.681818181818182,5.681818181818182,5.681818181818182,5.681818181818182,5.681818181818182,5.681818181818182,5.681818181818182,5.681818181818182,5.681818181818182,5.681818181818182,5.681818181818182,5.681818181818182,5.681818181818182,5.681818181818182,5.681818181818182,5.681818181818182,5.681818181818182,5.681818181818182,5.681818181818182,5.681818181818182,5.681818181818182,5.681818181818182,5.681818181818182,5.681818181818182,5.681818181818182,5.681818181818182,5.681818181818182,5.681818181818182,5.681818181818182,5.681818181818182,5.681818181818182,5.681818181818182,5.681818181818182,5.681818181818182,5.681818181818182,5.681818181818182,5.681818181818182,5.681818181818182,5.681818181818182,5.681818181818182,5.681818181818182,5.681818181818182,5.681818181818182,5.681818181818182,5.681818181818182,5.681818181818182,5.681818181818182,5.681818181818182,5.681818181818182,5.681818181818182,5.681818181818182,5.681818181818182,5.681818181818182,5.681818181818182,5.681818181818182,5.681818181818182,5.681818181818182,5.681818181818182,5.681818181818182,5.681818181818182,5.681818181818182,5.681818181818182,5.681818181818182,5.681818181818182,5.681818181818182,5.681818181818182,5.681818181818182,5.681818181818182,5.681818181818182,5.681818181818182,5.681818181818182,5.681818181818182,5.681818181818182,5.681818181818182,5.681818181818182,5.681818181818182,5.681818181818182,5.681818181818182,5.681818181818182,5.681818181818182,5.681818181818182,5.681818181818182,5.681818181818182,5.681818181818182,5.681818181818182,5.681818181818182,5.681818181818182,5.681818181818182,5.681818181818182,5.681818181818182,5.681818181818182,5.681818181818182,5.681818181818182,5.681818181818182,5.681818181818182
0,5.0,7.5,7.5,7.5,7.875,7.875,7.875,7.875,7.875,7.875,7.875,7.875,7.875,7.875,7.875,7.875,7.875,7.875,7.875,7.875,7.875,7.875,7.875,7.875,7.875,7.875,7.875,7.875,7.875,7.875,7.875,7.875,7.875,7.875,7.875,7.875,7.875,7.875,7.875,7.875,7.875,7.875,7.875,7.875,7.875,7.875,7.875,7.875,7.875,7.875,7.875,7.875,7.875,7.875,7.875,7.875,7.875,7.875,7.875,7.875,7.875,7.875,7.875,7.875,7.875,7.875,7.875,7.875,7.875,7.875,7.875,7.875,7.875,7.875,7.875,7.875,7.875,7.875,7.875,7.875,7.875,7.875,7.875,7.875,7.875,7.875,7.875,7.875,7.875,7.875,7.875,7.875,7.875,7.875,7.875,7.875,7.875,7.875,7.875,7.875,7.875,7.875,7.875,7.875,7.875,7.875,7.875,7.875,7.875,7.875,7.875,7.875,7.875,7.875,7.875,7.875,7.875,7.875,7.875,7.875,7.875,7.875,7.875,7.875,7.875,7.875,7.875,7.875,7.875,7.875,7.875,7.875,7.875,7.875,7.875,7.875,7.875,7.875,7.875,7.875,7.875,7.875,7.875,7.875,7.875,7.875,7.875,7.875,7.875,7.875,7.875,7.875,7.875,7.875,7.875,7.875,7.875,7.875,7.875,7.875,7.875,7.875,7.875,7.875,7.875,7.875,7.875,7.875,7.875,7.875,7.875,7.875,7.875,7.875,7.875,7.875,7.875,7.875,7.875,7.875,7.875,7.875,7.875,7.875,7.875,7.875,7.875,7.875,7.875,7.875,7.875,7.875,7.875,7.875,7.875,7.875,7.875,7.875,7.875,7.875,7.875,7.875,7.875,7.875,7.875,7.875,7.875,7.875,7.875,7.875,7.875,7.875,7.875,7.875,7.875,7.875,7.875,7.875,7.875,7.875,7.875,7.875,7.875,7.875,7.875,7.875,7.875,7.875,7.875,7.875,7.875,7.875,7.875,7.875,7.875,7.875,7.875,7.875,7.875,7.875,7.875,7.875,7.875,7.875,7.875,7.875,7.875,7.875,7.875,7.875,7.875,7.875,7.875,7.875,7.875,7.875,7.875,7.875,7.875,7.875,7.875,7.875,7.875,7.875,7.875,7.875,7.875,7.875,7.875,7.875,7.875,7.875,7.875,7.875,7.875,7.875,7.875,7.875,7.875,7.875,7.875,7.875,7.875,7.875,7.875,7.875,7.875,7.875,7.875,7.875,7.875,7.875,7.875,7.875,7.875,7.875,7.875,7.875,7.875
0,10.0,15.0,16.666666666666668,13.6,14.714285714285714,14.1,13.76923076923077,13.5,13.45,13.416666666666666,13.357142857142858,13.0,12.736842105263158,12.651162790697674,12.625,12.60377358490566,12.508474576271187,12.584615384615384,12.507042253521126,12.643835616438356,12.538461538461538,12.623529411764705,12.641304347826088,12.628865979381443,12.504854368932039,12.477477477477477,12.521008403361344,12.479674796747968,12.43939393939394,12.439716312056738,12.406666666666666,12.39375,12.382352941176471,12.372222222222222,12.311827956989248,12.282051282051283,12.257281553398059,12.235023041474655,12.214912280701755,12.205882352941176,12.19758064516129,12.18503937007874,12.157088122605364,12.119850187265918,12.097472924187725,12.076655052264808,12.08135593220339,12.095394736842104,12.07643312101911,12.046153846153846,12.046153846153846,12.046153846153846,12.046153846153846,12.046153846153846,12.046153846153846,12.046153846153846,12.046153846153846,12.046153846153846,12.046153846153846,12.046153846153846,12.046153846153846,12.046153846153846,12.046153846153846,12.046153846153846,12.046153846153846,12.046153846153846,12.046153846153846,12.046153846153846,12.046153846153846,12.046153846153846,12.046153846153846,12.046153846153846,12.046153846153846,12.046153846153846,12.046153846153846,12.046153846153846,12.046153846153846,12.046153846153846,12.046153846153846,12.046153846153846,12.046153846153846,12.046153846153846,12.046153846153846,12.046153846153846,12.046153846153846,12.046153846153846,12.046153846153846,12.046153846153846,12.046153846153846,12.046153846153846,12.046153846153846,12.046153846153846,12.046153846153846,12.046153846153846,12.046153846153846,12.046153846153846,12.046153846153846,12.046153846153846,12.046153846153846,12.046153846153846,12.046153846153846,12.046153846153846,12.046153846153846,12.046153846153846,12.046153846153846,12.046153846153846,12.046153846153846,12.046153846153846,12.046153846153846,12.046153846153846,12.046153846153846,12.046153846153846,12.046153846153846,12.046153846153846,12.046153846153846,12.046153846153846,12.046153846153846,12.046153846153846,12.046153846153846,12.046153846153846,12.046153846153846,12.046153846153846,12.046153846153846,12.046153846153846,12.046153846153846,12.046153846153846,12.046153846153846,12.046153846153846,12.046153846153846,12.046153846153846,12.046153846153846,12.046153846153846,12.046153846153846,12.046153846153846,12.046153846153846,12.046153846153846,12.046153846153846,12.046153846153846,12.046153846153846,12.046153846153846,12.046153846153846,12.046153846153846,12.046153846153846,12.046153846153846,12.046153846153846,12.046153846153846,12.046153846153846,12.046153846153846,12.046153846153846,12.046153846153846,12.046153846153846,12.046153846153846,12.046153846153846,12.046153846153846,12.046153846153846,12.046153846153846,12.046153846153846,12.046153846153846,12.046153846153846,12.046153846153846,12.046153846153846,12.046153846153846,12.046153846153846,12.046153846153846,12.046153846153846,12.046153846153846,12.046153846153846,12.046153846153846,12.046153846153846,12.046153846153846,12.046153846153846,12.046153846153846,12.046153846153846,12.046153846153846,12.046153846153846,12.046153846153846,12.046153846153846,12.046153846153846,12.046153846153846,12.046153846153846,12.046153846153846,12.046153846153846,12.046153846153846,12.046153846153846,12.046153846153846,12.046153846153846,12.046153846153846,12.046153846153846,12.046153846153846,12.046153846153846,12.046153846153846,12.046153846153846,12.046153846153846,12.046153846153846,12.046153846153846,12.046153846153846,12.046153846153846,12.046153846153846,12.046153846153846,12.046153846153846,12.046153846153846,12.046153846153846,12.046153846153846,12.046153846153846,12.046153846153846,12.046153846153846,12.046153846153846,12.046153846153846,12.046153846153846,12.046153846153846,12.046153846153846,12.046153846153846,12.046153846153846,12.046153846153846,12.046153846153846,12.046153846153846,12.046153846153846,12.046153846153846,12.046153846153846,12.046153846153846,12.046153846153846,12.046153846153846,12.046153846153846,12.046153846153846,12.046153846153846,12.046153846153846,12.046153846153846,12.046153846153846,12.046153846153846,12.046153846153846,12.046153846153846,12.046153846153846,12.046153846153846,12.046153846153846,12.046153846153846,12.046153846153846,12.046153846153846,12.046153846153846,12.046153846153846,12.046153846153846,12.046153846153846,12.046153846153846,12.046153846153846,12.046153846153846,12.046153846153846,12.046153846153846,12.046153846153846,12.046153846153846,12.046153846153846,12.046153846153846,12.046153846153846,12.046153846153846,12.046153846153846,12.046153846153846,12.046153846153846,12.046153846153846,12.046153846153846,12.046153846153846,12.046153846153846,12.046153846153846,12.046153846153846,12.046153846153846,12.046153846153846,12.046153846153846,12.046153846153846,12.046153846153846,12.046153846153846,12.046153846153846,12.046153846153846,12.046153846153846,12.046153846153846,12.046153846153846,12.046153846153846,12.046153846153846,12.046153846153846,12.046153846153846,12.046153846153846,12.046153846153846,12.046153846153846,12.046153846153846,12.046153846153846,12.046153846153846,12.046153846153846,12.046153846153846,12.046153846153846,12.046153846153846,12.046153846153846,12.046153846153846,12.046153846153846,12.046153846153846,12.046153846153846,12.046153846153846,12.046153846153846,12.046153846153846,12.046153846153846,12.046153846153846,12.046153846153846,12.046153846153846,12.046153846153846
0,3.0,4.0,4.0,4.833333333333333,5.222222222222222,5.416666666666667,5.769230769230769,6.0,5.764705882352941,5.842105263157895,6.0,6.2,6.107142857142857,6.032258064516129,5.970588235294118,5.970588235294118,5.970588235294118,5.970588235294118,5.970588235294118,5.970588235294118,5.970588235294118,5.970588235294118,5.970588235294118,5.970588235294118,5.970588235294118,5.970588235294118,5.970588235294118,5.970588235294118,5.970588235294118,5.970588235294118,5.970588235294118,5.970588235294118,5.970588235294118,5.970588235294118,5.970588235294118,5.970588235294118,5.970588235294118,5.970588235294118,5.970588235294118,5.970588235294118,5.970588235294118,5.970588235294118,5.970588235294118,5.970588235294118,5.970588235294118,5.970588235294118,5.970588235294118,5.970588235294118,5.970588235294118,5.970588235294118,5.970588235294118,5.970588235294118,5.970588235294118,5.970588235294118,5.970588235294118,5.970588235294118,5.970588235294118,5.970588235294118,5.970588235294118,5.970588235294118,5.970588235294118,5.970588235294118,5.970588235294118,5.970588235294118,5.970588235294118,5.970588235294118,5.970588235294118,5.970588235294118,5.970588235294118,5.970588235294118,5.970588235294118,5.970588235294118,5.970588235294118,5.970588235294118,5.970588235294118,5.970588235294118,5.970588235294118,5.970588235294118,5.970588235294118,5.970588235294118,5.970588235294118,5.970588235294118,5.970588235294118,5.970588235294118,5.970588235294118,5.970588235294118,5.970588235294118,5.970588235294118,5.970588235294118,5.970588235294118,5.970588235294118,5.970588235294118,5.970588235294118,5.970588235294118,5.970588235294118,5.970588235294118,5.970588235294118,5.970588235294118,5.970588235294118,5.970588235294118,5.970588235294118,5.970588235294118,5.970588235294118,5.970588235294118,5.970588235294118,5.970588235294118,5.970588235294118,5.970588235294118,5.970588235294118,5.970588235294118,5.970588235294118,5.970588235294118,5.970588235294118,5.970588235294118,5.970588235294118,5.970588235294118,5.970588235294118,5.970588235294118,5.970588235294118,5.970588235294118,5.970588235294118,5.970588235294118,5.970588235294118,5.970588235294118,5.970588235294118,5.970588235294118,5.970588235294118,5.970588235294118,5.970588235294118,5.970588235294118,5.970588235294118,5.970588235294118,5.970588235294118,5.970588235294118,5.970588235294118,5.970588235294118,5.970588235294118,5.970588235294118,5.970588235294118,5.970588235294118,5.970588235294118,5.970588235294118,5.970588235294118,5.970588235294118,5.970588235294118,5.970588235294118,5.970588235294118,5.970588235294118,5.970588235294118,5.970588235294118,5.970588235294118,5.970588235294118,5.970588235294118,5.970588235294118,5.970588235294118,5.970588235294118,5.970588235294118,5.970588235294118,5.970588235294118,5.970588235294118,5.970588235294118,5.970588235294118,5.970588235294118,5.970588235294118,5.970588235294118,5.970588235294118,5.970588235294118,5.970588235294118,5.970588235294118,5.970588235294118,5.970588235294118,5.970588235294118,5.970588235294118,5.970588235294118,5.970588235294118,5.970588235294118,5.970588235294118,5.970588235294118,5.970588235294118,5.970588235294118,5.970588235294118,5.970588235294118,5.970588235294118,5.970588235294118,5.970588235294118,5.970588235294118,5.970588235294118,5.970588235294118,5.970588235294118,5.970588235294118,5.970588235294118,5.970588235294118,5.970588235294118,5.970588235294118,5.970588235294118,5.970588235294118,5.970588235294118,5.970588235294118,5.970588235294118,5.970588235294118,5.970588235294118,5.970588235294118,5.970588235294118,5.970588235294118,5.970588235294118,5.970588235294118,5.970588235294118,5.970588235294118,5.970588235294118,5.970588235294118,5.970588235294118,5.970588235294118,5.970588235294118,5.970588235294118,5.970588235294118,5.970588235294118,5.970588235294118,5.970588235294118,5.970588235294118,5.970588235294118,5.970588235294118,5.970588235294118,5.970588235294118,5.970588235294118,5.970588235294118,5.970588235294118,5.970588235294118,5.970588235294118,5.970588235294118,5.970588235294118,5.970588235294118,5.970588235294118,5.970588235294118,5.970588235294118,5.970588235294118,5.970588235294118,5.970588235294118,5.970588235294118,5.970588235294118,5.970588235294118,5.970588235294118,5.970588235294118,5.970588235294118,5.970588235294118,5.970588235294118,5.970588235294118,5.970588235294118,5.970588235294118,5.970588235294118,5.970588235294118,5.970588235294118,5.970588235294118,5.970588235294118,5.970588235294118,5.970588235294118,5.970588235294118,5.970588235294118,5.970588235294118,5.970588235294118,5.970588235294118,5.970588235294118,5.970588235294118,5.970588235294118,5.970588235294118,5.970588235294118,5.970588235294118,5.970588235294118,5.970588235294118,5.970588235294118,5.970588235294118,5.970588235294118,5.970588235294118,5.970588235294118,5.970588235294118,5.970588235294118,5.970588235294118,5.970588235294118,5.970588235294118,5.970588235294118,5.970588235294118,5.970588235294118,5.970588235294118,5.970588235294118,5.970588235294118,5.970588235294118,5.970588235294118,5.970588235294118,5.970588235294118,5.970588235294118,5.970588235294118,5.970588235294118,5.970588235294118,5.970588235294118,5.970588235294118,5.970588235294118,5.970588235294118,5.970588235294118,5.970588235294118,5.970588235294118
0,15.0,17.5,18.333333333333332,18.0,15.875,14.916666666666666,14.0,13.523809523809524,13.23076923076923,13.535714285714286,13.535714285714286,13.535714285714286,13.535714285714286,13.535714285714286,13.535714285714286,13.535714285714286,13.535714285714286,13.535714285714286,13.535714285714286,13.535714285714286,13.535714285714286,13.535714285714286,13.535714285714286,13.535714285714286,13.535714285714286,13.535714285714286,13.535714285714286,13.535714285714286,13.535714285714286,13.535714285714286,13.535714285714286,13.535714285714286,13.535714285714286,13.535714285714286,13.535714285714286,13.535714285714286,13.535714285714286,13.535714285714286,13.535714285714286,13.535714285714286,13.535714285714286,13.535714285714286,13.535714285714286,13.535714285714286,13.535714285714286,13.535714285714286,13.535714285714286,13.535714285714286,13.535714285714286,13.535714285714286,13.535714285714286,13.535714285714286,13.535714285714286,13.535714285714286,13.535714285714286,13.535714285714286,13.535714285714286,13.535714285714286,13.535714285714286,13.535714285714286,13.535714285714286,13.535714285714286,13.535714285714286,13.535714285714286,13.535714285714286,13.535714285714286,13.535714285714286,13.535714285714286,13.535714285714286,13.535714285714286,13.535714285714286,13.535714285714286,13.535714285714286,13.535714285714286,13.535714285714286,13.535714285714286,13.535714285714286,13.535714285714286,13.535714285714286,13.535714285714286,13.535714285714286,13.535714285714286,13.535714285714286,13.535714285714286,13.535714285714286,13.535714285714286,13.535714285714286,13.535714285714286,13.535714285714286,13.535714285714286,13.535714285714286,13.535714285714286,13.535714285714286,13.535714285714286,13.535714285714286,13.535714285714286,13.535714285714286,13.535714285714286,13.535714285714286,13.535714285714286,13.535714285714286,13.535714285714286,13.535714285714286,13.535714285714286,13.535714285714286,13.535714285714286,13.535714285714286,13.535714285714286,13.535714285714286,13.535714285714286,13.535714285714286,13.535714285714286,13.535714285714286,13.535714285714286,13.535714285714286,13.535714285714286,13.535714285714286,13.535714285714286,13.535714285714286,13.535714285714286,13.535714285714286,13.535714285714286,13.535714285714286,13.535714285714286,13.535714285714286,13.535714285714286,13.535714285714286,13.535714285714286,13.535714285714286,13.535714285714286,13.535714285714286,13.535714285714286,13.535714285714286,13.535714285714286,13.535714285714286,13.535714285714286,13.535714285714286,13.535714285714286,13.535714285714286,13.535714285714286,13.535714285714286,13.535714285714286,13.535714285714286,13.535714285714286,13.535714285714286,13.535714285714286,13.535714285714286,13.535714285714286,13.535714285714286,13.535714285714286,13.535714285714286,13.535714285714286,13.535714285714286,13.535714285714286,13.535714285714286,13.535714285714286,13.535714285714286,13.535714285714286,13.535714285714286,13.535714285714286,13.535714285714286,13.535714285714286,13.535714285714286,13.535714285714286,13.535714285714286,13.535714285714286,13.535714285714286,13.535714285714286,13.535714285714286,13.535714285714286,13.535714285714286,13.535714285714286,13.535714285714286,13.535714285714286,13.535714285714286,13.535714285714286,13.535714285714286,13.535714285714286,13.535714285714286,13.535714285714286,13.535714285714286,13.535714285714286,13.535714285714286,13.535714285714286,13.535714285714286,13.535714285714286,13.535714285714286,13.535714285714286,13.535714285714286,13.535714285714286,13.535714285714286,13.535714285714286,13.535714285714286,13.535714285714286,13.535714285714286,13.535714285714286,13.535714285714286,13.535714285714286,13.535714285714286,13.535714285714286,13.535714285714286,13.535714285714286,13.535714285714286,13.535714285714286,13.535714285714286,13.535714285714286,13.535714285714286,13.535714285714286,13.535714285714286,13.535714285714286,13.535714285714286,13.535714285714286,13.535714285714286,13.535714285714286,13.535714285714286,13.535714285714286,13.535714285714286,13.535714285714286,13.535714285714286,13.535714285714286,13.535714285714286,13.535714285714286,13.535714285714286,13.535714285714286,13.535714285714286,13.535714285714286,13.535714285714286,13.535714285714286,13.535714285714286,13.535714285714286,13.535714285714286,13.535714285714286,13.535714285714286,13.535714285714286,13.535714285714286,13.535714285714286,13.535714285714286,13.535714285714286,13.535714285714286,13.535714285714286,13.535714285714286,13.535714285714286,13.535714285714286,13.535714285714286,13.535714285714286,13.535714285714286,13.535714285714286,13.535714285714286,13.535714285714286,13.535714285714286,13.535714285714286,13.535714285714286,13.535714285714286,13.535714285714286,13.535714285714286,13.535714285714286,13.535714285714286,13.535714285714286,13.535714285714286,13.535714285714286,13.535714285714286,13.535714285714286,13.535714285714286,13.535714285714286,13.535714285714286,13.535714285714286,13.535714285714286,13.535714285714286,13.535714285714286,13.535714285714286,13.535714285714286,13.535714285714286,13.535714285714286,13.535714285714286,13.535714285714286,13.535714285714286,13.535714285714286,13.535714285714286,13.535714285714286,13.535714285714286,13.535714285714286,13.535714285714286,13.535714285714286,13.535714285714286,13.535714285714286,13.535714285714286,13.535714285714286,13.535714285714286,13.535714285714286,13.535714285714286,13.535714285714286,13.535714285714286,13.535714285714286,13.535714285714286,13.535714285714286,13.535714285714286,13.535714285714286,13.535714285714286,13.535714285714286
0,5.0,7.5,7.5,7.5,7.875,7.875,7.875,7.875,7.875,7.875,7.875,7.875,7.875,7.875,7.875,7.875,7.875,7.875,7.875,7.875,7.875,7.875,7.875,7.875,7.875,7.875,7.875,7.875,7.875,7.875,7.875,7.875,7.875,7.875,7.875,7.875,7.875,7.875,7.875,7.875,7.875,7.875,7.875,7.875,7.875,7.875,7.875,7.875,7.875,7.875,7.875,7.875,7.875,7.875,7.875,7.875,7.875,7.875,7.875,7.875,7.875,7.875,7.875,7.875,7.875,7.875,7.875,7.875,7.875,7.875,7.875,7.875,7.875,7.875,7.875,7.875,7.875,7.875,7.875,7.875,7.875,7.875,7.875,7.875,7.875,7.875,7.875,7.875,7.875,7.875,7.875,7.875,7.875,7.875,7.875,7.875,7.875,7.875,7.875,7.875,7.875,7.875,7.875,7.875,7.875,7.875,7.875,7.875,7.875,7.875,7.875,7.875,7.875,7.875,7.875,7.875,7.875,7.875,7.875,7.875,7.875,7.875,7.875,7.875,7.875,7.875,7.875,7.875,7.875,7.875,7.875,7.875,7.875,7.875,7.875,7.875,7.875,7.875,7.875,7.875,7.875,7.875,7.875,7.875,7.875,7.875,7.875,7.875,7.875,7.875,7.875,7.875,7.875,7.875,7.875,7.875,7.875,7.875,7.875,7.875,7.875,7.875,7.875,7.875,7.875,7.875,7.875,7.875,7.875,7.875,7.875,7.875,7.875,7.875,7.875,7.875,7.875,7.875,7.875,7.875,7.875,7.875,7.875,7.875,7.875,7.875,7.875,7.875,7.875,7.875,7.875,7.875,7.875,7.875,7.875,7.875,7.875,7.875,7.875,7.875,7.875,7.875,7.875,7.875,7.875,7.875,7.875,7.875,7.875,7.875,7.875,7.875,7.875,7.875,7.875,7.875,7.875,7.875,7.875,7.875,7.875,7.875,7.875,7.875,7.875,7.875,7.875,7.875,7.875,7.875,7.875,7.875,7.875,7.875,7.875,7.875,7.875,7.875,7.875,7.875,7.875,7.875,7.875,7.875,7.875,7.875,7.875,7.875,7.875,7.875,7.875,7.875,7.875,7.875,7.875,7.875,7.875,7.875,7.875,7.875,7.875,7.875,7.875,7.875,7.875,7.875,7.875,7.875,7.875,7.875,7.875,7.875,7.875,7.875,7.875,7.875,7.875,7.875,7.875,7.875,7.875,7.875,7.875,7.875,7.875,7.875,7.875,7.875,7.875,7.875,7.875,7.875,7.875,7.875,7.875,7.875,7.875,7.875,7.875
0,3.0,6.5,6.5,6.5,7.125,7.125,7.125,7.125,7.125,7.125,7.125,7.125,7.125,7.125,7.125,7.125,7.125,7.125,7.125,7.125,7.125,7.125,7.125,7.125,7.125,7.125,7.125,7.125,7.125,7.125,7.125,7.125,7.125,7.125,7.125,7.125,7.125,7.125,7.125,7.125,7.125,7.125,7.125,7.125,7.125,7.125,7.125,7.125,7.125,7.125,7.125,7.125,7.125,7.125,7.125,7.125,7.125,7.125,7.125,7.125,7.125,7.125,7.125,7.125,7.125,7.125,7.125,7.125,7.125,7.125,7.125,7.125,7.125,7.125,7.125,7.125,7.125,7.125,7.125,7.125,7.125,7.125,7.125,7.125,7.125,7.125,7.125,7.125,7.125,7.125,7.125,7.125,7.125,7.125,7.125,7.125,7.125,7.125,7.125,7.125,7.125,7.125,7.125,7.125,7.125,7.125,7.125,7.125,7.125,7.125,7.125,7.125,7.125,7.125,7.125,7.125,7.125,7.125,7.125,7.125,7.125,7.125,7.125,7.125,7.125,7.125,7.125,7.125,7.125,7.125,7.125,7.125,7.125,7.125,7.125,7.125,7.125,7.125,7.125,7.125,7.125,7.125,7.125,7.125,7.125,7.125,7.125,7.125,7.125,7.125,7.125,7.125,7.125,7.125,7.125,7.125,7.125,7.125,7.125,7.125,7.125,7.125,7.125,7.125,7.125,7.125,7.125,7.125,7.125,7.125,7.125,7.125,7.125,7.125,7.125,7.125,7.125,7.125,7.125,7.125,7.125,7.125,7.125,7.125,7.125,7.125,7.125,7.125,7.125,7.125,7.125,7.125,7.125,7.125,7.125,7.125,7.125,7.125,7.125,7.125,7.125,7.125,7.125,7.125,7.125,7.125,7.125,7.125,7.125,7.125,7.125,7.125,7.125,7.125,7.125,7.125,7.125,7.125,7.125,7.125,7.125,7.125,7.125,7.125,7.125,7.125,7.125,7.125,7.125,7.125,7.125,7.125,7.125,7.125,7.125,7.125,7.125,7.125,7.125,7.125,7.125,7.125,7.125,7.125,7.125,7.125,7.125,7.125,7.125,7.125,7.125,7.125,7.125,7.125,7.125,7.125,7.125,7.125,7.125,7.125,7.125,7.125,7.125,7.125,7.125,7.125,7.125,7.125,7.125,7.125,7.125,7.125,7.125,7.125,7.125,7.125,7.125,7.125,7.125,7.125,7.125,7.125,7.125,7.125,7.125,7.125,7.125,7.125,7.125,7.125,7.125,7.125,7.125,7.125,7.125,7.125,7.125,7.125,7.125
0,3.0,3.0,3.0,3.0,3.0,3.0,3.0,3.0,3.263157894736842,3.4545454545454546,3.4545454545454546,3.4545454545454546,3.4545454545454546,3.4545454545454546,3.4545454545454546,3.4545454545454546,3.4545454545454546,3.4545454545454546,3.4545454545454546,3.4545454545454546,3.4545454545454546,3.4545454545454546,3.4545454545454546,3.4545454545454546,3.4545454545454546,3.4545454545454546,3.4545454545454546,3.4545454545454546,3.4545454545454546,3.4545454545454546,3.4545454545454546,3.4545454545454546,3.4545454545454546,3.4545454545454546,3.4545454545454546,3.4545454545454546,3.4545454545454546,3.4545454545454546,3.4545454545454546,3.4545454545454546,3.4545454545454546,3.4545454545454546,3.4545454545454546,3.4545454545454546,3.4545454545454546,3.4545454545454546,3.4545454545454546,3.4545454545454546,3.4545454545454546,3.4545454545454546,3.4545454545454546,3.4545454545454546,3.4545454545454546,3.4545454545454546,3.4545454545454546,3.4545454545454546,3.4545454545454546,3.4545454545454546,3.4545454545454546,3.4545454545454546,3.4545454545454546,3.4545454545454546,3.4545454545454546,3.4545454545454546,3.4545454545454546,3.4545454545454546,3.4545454545454546,3.4545454545454546,3.4545454545454546,3.4545454545454546,3.4545454545454546,3.4545454545454546,3.4545454545454546,3.4545454545454546,3.4545454545454546,3.4545454545454546,3.4545454545454546,3.4545454545454546,3.4545454545454546,3.4545454545454546,3.4545454545454546,3.4545454545454546,3.4545454545454546,3.4545454545454546,3.4545454545454546,3.4545454545454546,3.4545454545454546,3.4545454545454546,3.4545454545454546,3.4545454545454546,3.4545454545454546,3.4545454545454546,3.4545454545454546,3.4545454545454546,3.4545454545454546,3.4545454545454546,3.4545454545454546,3.4545454545454546,3.4545454545454546,3.4545454545454546,3.4545454545454546,3.4545454545454546,3.4545454545454546,3.4545454545454546,3.4545454545454546,3.4545454545454546,3.4545454545454546,3.4545454545454546,3.4545454545454546,3.4545454545454546,3.4545454545454546,3.4545454545454546,3.4545454545454546,3.4545454545454546,3.4545454545454546,3.4545454545454546,3.4545454545454546,3.4545454545454546,3.4545454545454546,3.4545454545454546,3.4545454545454546,3.4545454545454546,3.4545454545454546,3.4545454545454546,3.4545454545454546,3.4545454545454546,3.4545454545454546,3.4545454545454546,3.4545454545454546,3.4545454545454546,3.4545454545454546,3.4545454545454546,3.4545454545454546,3.4545454545454546,3.4545454545454546,3.4545454545454546,3.4545454545454546,3.4545454545454546,3.4545454545454546,3.4545454545454546,3.4545454545454546,3.4545454545454546,3.4545454545454546,3.4545454545454546,3.4545454545454546,3.4545454545454546,3.4545454545454546,3.4545454545454546,3.4545454545454546,3.4545454545454546,3.4545454545454546,3.4545454545454546,3.4545454545454546,3.4545454545454546,3.4545454545454546,3.4545454545454546,3.4545454545454546,3.4545454545454546,3.4545454545454546,3.4545454545454546,3.4545454545454546,3.4545454545454546,3.4545454545454546,3.4545454545454546,3.4545454545454546,3.4545454545454546,3.4545454545454546,3.4545454545454546,3.4545454545454546,3.4545454545454546,3.4545454545454546,3.4545454545454546,3.4545454545454546,3.4545454545454546,3.4545454545454546,3.4545454545454546,3.4545454545454546,3.4545454545454546,3.4545454545454546,3.4545454545454546,3.4545454545454546,3.4545454545454546,3.4545454545454546,3.4545454545454546,3.4545454545454546,3.4545454545454546,3.4545454545454546,3.4545454545454546,3.4545454545454546,3.4545454545454546,3.4545454545454546,3.4545454545454546,3.4545454545454546,3.4545454545454546,3.4545454545454546,3.4545454545454546,3.4545454545454546,3.4545454545454546,3.4545454545454546,3.4545454545454546,3.4545454545454546,3.4545454545454546,3.4545454545454546,3.4545454545454546,3.4545454545454546,3.4545454545454546,3.4545454545454546,3.4545454545454546,3.4545454545454546,3.4545454545454546,3.4545454545454546,3.4545454545454546,3.4545454545454546,3.4545454545454546,3.4545454545454546,3.4545454545454546,3.4545454545454546,3.4545454545454546,3.4545454545454546,3.4545454545454546,3.4545454545454546,3.4545454545454546,3.4545454545454546,3.4545454545454546,3.4545454545454546,3.4545454545454546,3.4545454545454546,3.4545454545454546,3.4545454545454546,3.4545454545454546,3.4545454545454546,3.4545454545454546,3.4545454545454546,3.4545454545454546,3.4545454545454546,3.4545454545454546,3.4545454545454546,3.4545454545454546,3.4545454545454546,3.4545454545454546,3.4545454545454546,3.4545454545454546,3.4545454545454546,3.4545454545454546,3.4545454545454546,3.4545454545454546,3.4545454545454546,3.4545454545454546,3.4545454545454546,3.4545454545454546,3.4545454545454546,3.4545454545454546,3.4545454545454546,3.4545454545454546,3.4545454545454546,3.4545454545454546,3.4545454545454546,3.4545454545454546,3.4545454545454546,3.4545454545454546,3.4545454545454546,3.4545454545454546,3.4545454545454546,3.4545454545454546,3.4545454545454546,3.4545454545454546,3.4545454545454546,3.4545454545454546,3.4545454545454546,3.4545454545454546,3.4545454545454546,3.4545454545454546,3.4545454545454546,3.4545454545454546,3.4545454545454546,3.4545454545454546,3.4545454545454546,3.4545454545454546,3.4545454545454546,3.4545454545454546,3.4545454545454546,3.4545454545454546,3.4545454545454546,3.4545454545454546,3.4545454545454546,3.4545454545454546,3.4545454545454546,3.4545454545454546,3.4545454545454546,3.4545454545454546,3.4545454545454546,3.4545454545454546,3.4545454545454546,3.4545454545454546,3.4545454545454546,3.4545454545454546,3.4545454545454546,3.4545454545454546,3.4545454545454546
0,3.0,4.0,4.0,4.333333333333333,4.333333333333333,4.4,4.333333333333333,4.285714285714286,4.294117647058823,4.421052631578948,4.545454545454546,4.64,4.64,4.64,4.64,4.64,4.64,4.64,4.64,4.64,4.64,4.64,4.64,4.64,4.64,4.64,4.64,4.64,4.64,4.64,4.64,4.64,4.64,4.64,4.64,4.64,4.64,4.64,4.64,4.64,4.64,4.64,4.64,4.64,4.64,4.64,4.64,4.64,4.64,4.64,4.64,4.64,4.64,4.64,4.64,4.64,4.64,4.64,4.64,4.64,4.64,4.64,4.64,4.64,4.64,4.64,4.64,4.64,4.64,4.64,4.64,4.64,4.64,4.64,4.64,4.64,4.64,4.64,4.64,4.64,4.64,4.64,4.64,4.64,4.64,4.64,4.64,4.64,4.64,4.64,4.64,4.64,4.64,4.64,4.64,4.64,4.64,4.64,4.64,4.64,4.64,4.64,4.64,4.64,4.64,4.64,4.64,4.64,4.64,4.64,4.64,4.64,4.64,4.64,4.64,4.64,4.64,4.64,4.64,4.64,4.64,4.64,4.64,4.64,4.64,4.64,4.64,4.64,4.64,4.64,4.64,4.64,4.64,4.64,4.64,4.64,4.64,4.64,4.64,4.64,4.64,4.64,4.64,4.64,4.64,4.64,4.64,4.64,4.64,4.64,4.64,4.64,4.64,4.64,4.64,4.64,4.64,4.64,4.64,4.64,4.64,4.64,4.64,4.64,4.64,4.64,4.64,4.64,4.64,4.64,4.64,4.64,4.64,4.64,4.64,4.64,4.64,4.64,4.64,4.64,4.64,4.64,4.64,4.64,4.64,4.64,4.64,4.64,4.64,4.64,4.64,4.64,4.64,4.64,4.64,4.64,4.64,4.64,4.64,4.64,4.64,4.64,4.64,4.64,4.64,4.64,4.64,4.64,4.64,4.64,4.64,4.64,4.64,4.64,4.64,4.64,4.64,4.64,4.64,4.64,4.64,4.64,4.64,4.64,4.64,4.64,4.64,4.64,4.64,4.64,4.64,4.64,4.64,4.64,4.64,4.64,4.64,4.64,4.64,4.64,4.64,4.64,4.64,4.64,4.64,4.64,4.64,4.64,4.64,4.64,4.64,4.64,4.64,4.64,4.64,4.64,4.64,4.64,4.64,4.64,4.64,4.64,4.64,4.64,4.64,4.64,4.64,4.64,4.64,4.64,4.64,4.64,4.64,4.64,4.64,4.64,4.64,4.64,4.64,4.64,4.64,4.64,4.64,4.64,4.64,4.64,4.64,4.64,4.64,4.64,4.64,4.64,4.64,4.64,4.64,4.64,4.64,4.64,4.64
0,3.0,4.0,4.0,4.0,4.625,4.625,4.625,4.625,4.625,4.625,4.625,4.625,4.625,4.625,4.625,4.625,4.625,4.625,4.625,4.625,4.625,4.625,4.625,4.625,4.625,4.625,4.625,4.625,4.625,4.625,4.625,4.625,4.625,4.625,4.625,4.625,4.625,4.625,4.625,4.625,4.625,4.625,4.625,4.625,4.625,4.625,4.625,4.625,4.625,4.625,4.625,4.625,4.625,4.625,4.625,4.625,4.625,4.625,4.625,4.625,4.625,4.625,4.625,4.625,4.625,4.625,4.625,4.625,4.625,4.625,4.625,4.625,4.625,4.625,4.625,4.625,4.625,4.625,4.625,4.625,4.625,4.625,4.625,4.625,4.625,4.625,4.625,4.625,4.625,4.625,4.625,4.625,4.625,4.625,4.625,4.625,4.625,4.625,4.625,4.625,4.625,4.625,4.625,4.625,4.625,4.625,4.625,4.625,4.625,4.625,4.625,4.625,4.625,4.625,4.625,4.625,4.625,4.625,4.625,4.625,4.625,4.625,4.625,4.625,4.625,4.625,4.625,4.625,4.625,4.625,4.625,4.625,4.625,4.625,4.625,4.625,4.625,4.625,4.625,4.625,4.625,4.625,4.625,4.625,4.625,4.625,4.625,4.625,4.625,4.625,4.625,4.625,4.625,4.625,4.625,4.625,4.625,4.625,4.625,4.625,4.625,4.625,4.625,4.625,4.625,4.625,4.625,4.625,4.625,4.625,4.625,4.625,4.625,4.625,4.625,4.625,4.625,4.625,4.625,4.625,4.625,4.625,4.625,4.625,4.625,4.625,4.625,4.625,4.625,4.625,4.625,4.625,4.625,4.625,4.625,4.625,4.625,4.625,4.625,4.625,4.625,4.625,4.625,4.625,4.625,4.625,4.625,4.625,4.625,4.625,4.625,4.625,4.625,4.625,4.625,4.625,4.625,4.625,4.625,4.625,4.625,4.625,4.625,4.625,4.625,4.625,4.625,4.625,4.625,4.625,4.625,4.625,4.625,4.625,4.625,4.625,4.625,4.625,4.625,4.625,4.625,4.625,4.625,4.625,4.625,4.625,4.625,4.625,4.625,4.625,4.625,4.625,4.625,4.625,4.625,4.625,4.625,4.625,4.625,4.625,4.625,4.625,4.625,4.625,4.625,4.625,4.625,4.625,4.625,4.625,4.625,4.625,4.625,4.625,4.625,4.625,4.625,4.625,4.625,4.625,4.625,4.625,4.625,4.625,4.625,4.625,4.625,4.625,4.625,4.625,4.625,4.625,4.625,4.625,4.625,4.625,4.625,4.625,4.625
0,10.0,15.0,16.25,14.571428571428571,13.545454545454545,13.4,13.15,13.0,12.758620689655173,12.571428571428571,12.439024390243903,12.391304347826088,12.352941176470589,12.226415094339623,12.120689655172415,12.147540983606557,12.215384615384615,12.215384615384615,12.215384615384615,12.215384615384615,12.215384615384615,12.215384615384615,12.215384615384615,12.215384615384615,12.215384615384615,12.215384615384615,12.215384615384615,12.215384615384615,12.215384615384615,12.215384615384615,12.215384615384615,12.215384615384615,12.215384615384615,12.215384615384615,12.215384615384615,12.215384615384615,12.215384615384615,12.215384615384615,12.215384615384615,12.215384615384615,12.215384615384615,12.215384615384615,12.215384615384615,12.215384615384615,12.215384615384615,12.215384615384615,12.215384615384615,12.215384615384615,12.215384615384615,12.215384615384615,12.215384615384615,12.215384615384615,12.215384615384615,12.215384615384615,12.215384615384615,12.215384615384615,12.215384615384615,12.215384615384615,12.215384615384615,12.215384615384615,12.215384615384615,12.215384615384615,12.215384615384615,12.215384615384615,12.215384615384615,12.215384615384615,12.215384615384615,12.215384615384615,12.215384615384615,12.215384615384615,12.215384615384615,12.215384615384615,12.215384615384615,12.215384615384615,12.215384615384615,12.215384615384615,12.215384615384615,12.215384615384615,12.215384615384615,12.215384615384615,12.215384615384615,12.215384615384615,12.215384615384615,12.215384615384615,12.215384615384615,12.215384615384615,12.215384615384615,12.215384615384615,12.215384615384615,12.215384615384615,12.215384615384615,12.215384615384615,12.215384615384615,12.215384615384615,12.215384615384615,12.215384615384615,12.215384615384615,12.215384615384615,12.215384615384615,12.215384615384615,12.215384615384615,12.215384615384615,12.215384615384615,12.215384615384615,12.215384615384615,12.215384615384615,12.215384615384615,12.215384615384615,12.215384615384615,12.215384615384615,12.215384615384615,12.215384615384615,12.215384615384615,12.215384615384615,12.215384615384615,12.215384615384615,12.215384615384615,12.215384615384615,12.215384615384615,12.215384615384615,12.215384615384615,12.215384615384615,12.215384615384615,12.215384615384615,12.215384615384615,12.215384615384615,12.215384615384615,12.215384615384615,12.215384615384615,12.215384615384615,12.215384615384615,12.215384615384615,12.215384615384615,12.215384615384615,12.215384615384615,12.215384615384615,12.215384615384615,12.215384615384615,12.215384615384615,12.215384615384615,12.215384615384615,12.215384615384615,12.215384615384615,12.215384615384615,12.215384615384615,12.215384615384615,12.215384615384615,12.215384615384615,12.215384615384615,12.215384615384615,12.215384615384615,12.215384615384615,12.215384615384615,12.215384615384615,12.215384615384615,12.215384615384615,12.215384615384615,12.215384615384615,12.215384615384615,12.215384615384615,12.215384615384615,12.215384615384615,12.215384615384615,12.215384615384615,12.215384615384615,12.215384615384615,12.215384615384615,12.215384615384615,12.215384615384615,12.215384615384615,12.215384615384615,12.215384615384615,12.215384615384615,12.215384615384615,12.215384615384615,12.215384615384615,12.215384615384615,12.215384615384615,12.215384615384615,12.215384615384615,12.215384615384615,12.215384615384615,12.215384615384615,12.215384615384615,12.215384615384615,12.215384615384615,12.215384615384615,12.215384615384615,12.215384615384615,12.215384615384615,12.215384615384615,12.215384615384615,12.215384615384615,12.215384615384615,12.215384615384615,12.215384615384615,12.215384615384615,12.215384615384615,12.215384615384615,12.215384615384615,12.215384615384615,12.215384615384615,12.215384615384615,12.215384615384615,12.215384615384615,12.215384615384615,12.215384615384615,12.215384615384615,12.215384615384615,12.215384615384615,12.215384615384615,12.215384615384615,12.215384615384615,12.215384615384615,12.215384615384615,12.215384615384615,12.215384615384615,12.215384615384615,12.215384615384615,12.215384615384615,12.215384615384615,12.215384615384615,12.215384615384615,12.215384615384615,12.215384615384615,12.215384615384615,12.215384615384615,12.215384615384615,12.215384615384615,12.215384615384615,12.215384615384615,12.215384615384615,12.215384615384615,12.215384615384615,12.215384615384615,12.215384615384615,12.215384615384615,12.215384615384615,12.215384615384615,12.215384615384615,12.215384615384615,12.215384615384615,12.215384615384615,12.215384615384615,12.215384615384615,12.215384615384615,12.215384615384615,12.215384615384615,12.215384615384615,12.215384615384615,12.215384615384615,12.215384615384615,12.215384615384615,12.215384615384615,12.215384615384615,12.215384615384615,12.215384615384615,12.215384615384615,12.215384615384615,12.215384615384615,12.215384615384615,12.215384615384615,12.215384615384615,12.215384615384615,12.215384615384615,12.215384615384615,12.215384615384615,12.215384615384615,12.215384615384615,12.215384615384615,12.215384615384615,12.215384615384615,12.215384615384615,12.215384615384615,12.215384615384615,12.215384615384615,12.215384615384615,12.215384615384615,12.215384615384615,12.215384615384615,12.215384615384615,12.215384615384615,12.215384615384615,12.215384615384615,12.215384615384615,12.215384615384615,12.215384615384615,12.215384615384615,12.215384615384615,12.215384615384615,12.215384615384615,12.215384615384615,12.215384615384615,12.215384615384615,12.215384615384615,12.215384615384615,12.215384615384615,12.215384615384615,12.215384615384615
0,3.0,3.0,3.0,3.0,3.625,3.625,3.625,3.625,3.625,3.625,3.625,3.625,3.625,3.625,3.625,3.625,3.625,3.625,3.625,3.625,3.625,3.625,3.625,3.625,3.625,3.625,3.625,3.625,3.625,3.625,3.625,3.625,3.625,3.625,3.625,3.625,3.625,3.625,3.625,3.625,3.625,3.625,3.625,3.625,3.625,3.625,3.625,3.625,3.625,3.625,3.625,3.625,3.625,3.625,3.625,3.625,3.625,3.625,3.625,3.625,3.625,3.625,3.625,3.625,3.625,3.625,3.625,3.625,3.625,3.625,3.625,3.625,3.625,3.625,3.625,3.625,3.625,3.625,3.625,3.625,3.625,3.625,3.625,3.625,3.625,3.625,3.625,3.625,3.625,3.625,3.625,3.625,3.625,3.625,3.625,3.625,3.625,3.625,3.625,3.625,3.625,3.625,3.625,3.625,3.625,3.625,3.625,3.625,3.625,3.625,3.625,3.625,3.625,3.625,3.625,3.625,3.625,3.625,3.625,3.625,3.625,3.625,3.625,3.625,3.625,3.625,3.625,3.625,3.625,3.625,3.625,3.625,3.625,3.625,3.625,3.625,3.625,3.625,3.625,3.625,3.625,3.625,3.625,3.625,3.625,3.625,3.625,3.625,3.625,3.625,3.625,3.625,3.625,3.625,3.625,3.625,3.625,3.625,3.625,3.625,3.625,3.625,3.625,3.625,3.625,3.625,3.625,3.625,3.625,3.625,3.625,3.625,3.625,3.625,3.625,3.625,3.625,3.625,3.625,3.625,3.625,3.625,3.625,3.625,3.625,3.625,3.625,3.625,3.625,3.625,3.625,3.625,3.625,3.625,3.625,3.625,3.625,3.625,3.625,3.625,3.625,3.625,3.625,3.625,3.625,3.625,3.625,3.625,3.625,3.625,3.625,3.625,3.625,3.625,3.625,3.625,3.625,3.625,3.625,3.625,3.625,3.625,3.625,3.625,3.625,3.625,3.625,3.625,3.625,3.625,3.625,3.625,3.625,3.625,3.625,3.625,3.625,3.625,3.625,3.625,3.625,3.625,3.625,3.625,3.625,3.625,3.625,3.625,3.625,3.625,3.625,3.625,3.625,3.625,3.625,3.625,3.625,3.625,3.625,3.625,3.625,3.625,3.625,3.625,3.625,3.625,3.625,3.625,3.625,3.625,3.625,3.625,3.625,3.625,3.625,3.625,3.625,3.625,3.625,3.625,3.625,3.625,3.625,3.625,3.625,3.625,3.625,3.625,3.625,3.625,3.625,3.625,3.625,3.625,3.625,3.625,3.625,3.625,3.625
0,3.0,9.0,9.0,7.0,7.5,7.363636363636363,7.285714285714286,7.235294117647059,7.052631578947368,7.2727272727272725,7.2727272727272725,7.2727272727272725,7.2727272727272725,7.2727272727272725,7.2727272727272725,7.2727272727272725,7.2727272727272725,7.2727272727272725,7.2727272727272725,7.2727272727272725,7.2727272727272725,7.2727272727272725,7.2727272727272725,7.2727272727272725,7.2727272727272725,7.2727272727272725,7.2727272727272725,7.2727272727272725,7.2727272727272725,7.2727272727272725,7.2727272727272725,7.2727272727272725,7.2727272727272725,7.2727272727272725,7.2727272727272725,7.2727272727272725,7.2727272727272725,7.2727272727272725,7.2727272727272725,7.2727272727272725,7.2727272727272725,7.2727272727272725,7.2727272727272725,7.2727272727272725,7.2727272727272725,7.2727272727272725,7.2727272727272725,7.2727272727272725,7.2727272727272725,7.2727272727272725,7.2727272727272725,7.2727272727272725,7.2727272727272725,7.2727272727272725,7.2727272727272725,7.2727272727272725,7.2727272727272725,7.2727272727272725,7.2727272727272725,7.2727272727272725,7.2727272727272725,7.2727272727272725,7.2727272727272725,7.2727272727272725,7.2727272727272725,7.2727272727272725,7.2727272727272725,7.2727272727272725,7.2727272727272725,7.2727272727272725,7.2727272727272725,7.2727272727272725,7.2727272727272725,7.2727272727272725,7.2727272727272725,7.2727272727272725,7.2727272727272725,7.2727272727272725,7.2727272727272725,7.2727272727272725,7.2727272727272725,7.2727272727272725,7.2727272727272725,7.2727272727272725,7.2727272727272725,7.2727272727272725,7.2727272727272725,7.2727272727272725,7.2727272727272725,7.2727272727272725,7.2727272727272725,7.2727272727272725,7.2727272727272725,7.2727272727272725,7.2727272727272725,7.2727272727272725,7.2727272727272725,7.2727272727272725,7.2727272727272725,7.2727272727272725,7.2727272727272725,7.2727272727272725,7.2727272727272725,7.2727272727272725,7.2727272727272725,7.2727272727272725,7.2727272727272725,7.2727272727272725,7.2727272727272725,7.2727272727272725,7.2727272727272725,7.2727272727272725,7.2727272727272725,7.2727272727272725,7.2727272727272725,7.2727272727272725,7.2727272727272725,7.2727272727272725,7.2727272727272725,7.2727272727272725,7.2727272727272725,7.2727272727272725,7.2727272727272725,7.2727272727272725,7.2727272727272725,7.2727272727272725,7.2727272727272725,7.2727272727272725,7.2727272727272725,7.2727272727272725,7.2727272727272725,7.2727272727272725,7.2727272727272725,7.2727272727272725,7.2727272727272725,7.2727272727272725,7.2727272727272725,7.2727272727272725,7.2727272727272725,7.2727272727272725,7.2727272727272725,7.2727272727272725,7.2727272727272725,7.2727272727272725,7.2727272727272725,7.2727272727272725,7.2727272727272725,7.2727272727272725,7.2727272727272725,7.2727272727272725,7.2727272727272725,7.2727272727272725,7.2727272727272725,7.2727272727272725,7.2727272727272725,7.2727272727272725,7.2727272727272725,7.2727272727272725,7.2727272727272725,7.2727272727272725,7.2727272727272725,7.2727272727272725,7.2727272727272725,7.2727272727272725,7.2727272727272725,7.2727272727272725,7.2727272727272725,7.2727272727272725,7.2727272727272725,7.2727272727272725,7.2727272727272725,7.2727272727272725,7.2727272727272725,7.2727272727272725,7.2727272727272725,7.2727272727272725,7.2727272727272725,7.2727272727272725,7.2727272727272725,7.2727272727272725,7.2727272727272725,7.2727272727272725,7.2727272727272725,7.2727272727272725,7.2727272727272725,7.2727272727272725,7.2727272727272725,7.2727272727272725,7.2727272727272725,7.2727272727272725,7.2727272727272725,7.2727272727272725,7.2727272727272725,7.2727272727272725,7.2727272727272725,7.2727272727272725,7.2727272727272725,7.2727272727272725,7.2727272727272725,7.2727272727272725,7.2727272727272725,7.2727272727272725,7.2727272727272725,7.2727272727272725,7.2727272727272725,7.2727272727272725,7.2727272727272725,7.2727272727272725,7.2727272727272725,7.2727272727272725,7.2727272727272725,7.2727272727272725,7.2727272727272725,7.2727272727272725,7.2727272727272725,7.2727272727272725,7.2727272727272725,7.2727272727272725,7.2727272727272725,7.2727272727272725,7.2727272727272725,7.2727272727272725,7.2727272727272725,7.2727272727272725,7.2727272727272725,7.2727272727272725,7.2727272727272725,7.2727272727272725,7.2727272727272725,7.2727272727272725,7.2727272727272725,7.2727272727272725,7.2727272727272725,7.2727272727272725,7.2727272727272725,7.2727272727272725,7.2727272727272725,7.2727272727272725,7.2727272727272725,7.2727272727272725,7.2727272727272725,7.2727272727272725,7.2727272727272725,7.2727272727272725,7.2727272727272725,7.2727272727272725,7.2727272727272725,7.2727272727272725,7.2727272727272725,7.2727272727272725,7.2727272727272725,7.2727272727272725,7.2727272727272725,7.2727272727272725,7.2727272727272725,7.2727272727272725,7.2727272727272725,7.2727272727272725,7.2727272727272725,7.2727272727272725,7.2727272727272725,7.2727272727272725,7.2727272727272725,7.2727272727272725,7.2727272727272725,7.2727272727272725,7.2727272727272725,7.2727272727272725,7.2727272727272725,7.2727272727272725,7.2727272727272725,7.2727272727272725,7.2727272727272725,7.2727272727272725,7.2727272727272725,7.2727272727272725,7.2727272727272725,7.2727272727272725,7.2727272727272725,7.2727272727272725,7.2727272727272725,7.2727272727272725,7.2727272727272725,7.2727272727272725,7.2727272727272725,7.2727272727272725,7.2727272727272725,7.2727272727272725,7.2727272727272725,7.2727272727272725,7.2727272727272725,7.2727272727272725,7.2727272727272725,7.2727272727272725,7.2727272727272725,7.2727272727272725,7.2727272727272725,7.2727272727272725,7.2727272727272725
0,2.0,4.666666666666667,6.2,7.25,7.7272727272727275,7.5,7.777777777777778,7.954545454545454,8.076923076923077,7.857142857142857,7.903225806451613,7.903225806451613,7.903225806451613,7.903225806451613,7.903225806451613,7.903225806451613,7.903225806451613,7.903225806451613,7.903225806451613,7.903225806451613,7.903225806451613,7.903225806451613,7.903225806451613,7.903225806451613,7.903225806451613,7.903225806451613,7.903225806451613,7.903225806451613,7.903225806451613,7.903225806451613,7.903225806451613,7.903225806451613,7.903225806451613,7.903225806451613,7.903225806451613,7.903225806451613,7.903225806451613,7.903225806451613,7.903225806451613,7.903225806451613,7.903225806451613,7.903225806451613,7.903225806451613,7.903225806451613,7.903225806451613,7.903225806451613,7.903225806451613,7.903225806451613,7.903225806451613,7.903225806451613,7.903225806451613,7.903225806451613,7.903225806451613,7.903225806451613,7.903225806451613,7.903225806451613,7.903225806451613,7.903225806451613,7.903225806451613,7.903225806451613,7.903225806451613,7.903225806451613,7.903225806451613,7.903225806451613,7.903225806451613,7.903225806451613,7.903225806451613,7.903225806451613,7.903225806451613,7.903225806451613,7.903225806451613,7.903225806451613,7.903225806451613,7.903225806451613,7.903225806451613,7.903225806451613,7.903225806451613,7.903225806451613,7.903225806451613,7.903225806451613,7.903225806451613,7.903225806451613,7.903225806451613,7.903225806451613,7.903225806451613,7.903225806451613,7.903225806451613,7.903225806451613,7.903225806451613,7.903225806451613,7.903225806451613,7.903225806451613,7.903225806451613,7.903225806451613,7.903225806451613,7.903225806451613,7.903225806451613,7.903225806451613,7.903225806451613,7.903225806451613,7.903225806451613,7.903225806451613,7.903225806451613,7.903225806451613,7.903225806451613,7.903225806451613,7.903225806451613,7.903225806451613,7.903225806451613,7.903225806451613,7.903225806451613,7.903225806451613,7.903225806451613,7.903225806451613,7.903225806451613,7.903225806451613,7.903225806451613,7.903225806451613,7.903225806451613,7.903225806451613,7.903225806451613,7.903225806451613,7.903225806451613,7.903225806451613,7.903225806451613,7.903225806451613,7.903225806451613,7.903225806451613,7.903225806451613,7.903225806451613,7.903225806451613,7.903225806451613,7.903225806451613,7.903225806451613,7.903225806451613,7.903225806451613,7.903225806451613,7.903225806451613,7.903225806451613,7.903225806451613,7.903225806451613,7.903225806451613,7.903225806451613,7.903225806451613,7.903225806451613,7.903225806451613,7.903225806451613,7.903225806451613,7.903225806451613,7.903225806451613,7.903225806451613,7.903225806451613,7.903225806451613,7.903225806451613,7.903225806451613,7.903225806451613,7.903225806451613,7.903225806451613,7.903225806451613,7.903225806451613,7.903225806451613,7.903225806451613,7.903225806451613,7.903225806451613,7.903225806451613,7.903225806451613,7.903225806451613,7.903225806451613,7.903225806451613,7.903225806451613,7.903225806451613,7.903225806451613,7.903225806451613,7.903225806451613,7.903225806451613,7.903225806451613,7.903225806451613,7.903225806451613,7.903225806451613,7.903225806451613,7.903225806451613,7.903225806451613,7.903225806451613,7.903225806451613,7.903225806451613,7.903225806451613,7.903225806451613,7.903225806451613,7.903225806451613,7.903225806451613,7.903225806451613,7.903225806451613,7.903225806451613,7.903225806451613,7.903225806451613,7.903225806451613,7.903225806451613,7.903225806451613,7.903225806451613,7.903225806451613,7.903225806451613,7.903225806451613,7.903225806451613,7.903225806451613,7.903225806451613,7.903225806451613,7.903225806451613,7.903225806451613,7.903225806451613,7.903225806451613,7.903225806451613,7.903225806451613,7.903225806451613,7.903225806451613,7.903225806451613,7.903225806451613,7.903225806451613,7.903225806451613,7.903225806451613,7.903225806451613,7.903225806451613,7.903225806451613,7.903225806451613,7.903225806451613,7.903225806451613,7.903225806451613,7.903225806451613,7.903225806451613,7.903225806451613,7.903225806451613,7.903225806451613,7.903225806451613,7.903225806451613,7.903225806451613,7.903225806451613,7.903225806451613,7.903225806451613,7.903225806451613,7.903225806451613,7.903225806451613,7.903225806451613,7.903225806451613,7.903225806451613,7.903225806451613,7.903225806451613,7.903225806451613,7.903225806451613,7.903225806451613,7.903225806451613,7.903225806451613,7.903225806451613,7.903225806451613,7.903225806451613,7.903225806451613,7.903225806451613,7.903225806451613,7.903225806451613,7.903225806451613,7.903225806451613,7.903225806451613,7.903225806451613,7.903225806451613,7.903225806451613,7.903225806451613,7.903225806451613,7.903225806451613,7.903225806451613,7.903225806451613,7.903225806451613,7.903225806451613,7.903225806451613,7.903225806451613,7.903225806451613,7.903225806451613,7.903225806451613,7.903225806451613,7.903225806451613,7.903225806451613,7.903225806451613,7.903225806451613,7.903225806451613,7.903225806451613,7.903225806451613,7.903225806451613,7.903225806451613,7.903225806451613,7.903225806451613,7.903225806451613,7.903225806451613,7.903225806451613,7.903225806451613,7.903225806451613,7.903225806451613,7.903225806451613,7.903225806451613,7.903225806451613,7.903225806451613,7.903225806451613,7.903225806451613
0,3.0,6.5,6.5,6.5,7.125,7.125,7.125,7.125,7.125,7.125,7.125,7.125,7.125,7.125,7.125,7.125,7.125,7.125,7.125,7.125,7.125,7.125,7.125,7.125,7.125,7.125,7.125,7.125,7.125,7.125,7.125,7.125,7.125,7.125,7.125,7.125,7.125,7.125,7.125,7.125,7.125,7.125,7.125,7.125,7.125,7.125,7.125,7.125,7.125,7.125,7.125,7.125,7.125,7.125,7.125,7.125,7.125,7.125,7.125,7.125,7.125,7.125,7.125,7.125,7.125,7.125,7.125,7.125,7.125,7.125,7.125,7.125,7.125,7.125,7.125,7.125,7.125,7.125,7.125,7.125,7.125,7.125,7.125,7.125,7.125,7.125,7.125,7.125,7.125,7.125,7.125,7.125,7.125,7.125,7.125,7.125,7.125,7.125,7.125,7.125,7.125,7.125,7.125,7.125,7.125,7.125,7.125,7.125,7.125,7.125,7.125,7.125,7.125,7.125,7.125,7.125,7.125,7.125,7.125,7.125,7.125,7.125,7.125,7.125,7.125,7.125,7.125,7.125,7.125,7.125,7.125,7.125,7.125,7.125,7.125,7.125,7.125,7.125,7.125,7.125,7.125,7.125,7.125,7.125,7.125,7.125,7.125,7.125,7.125,7.125,7.125,7.125,7.125,7.125,7.125,7.125,7.125,7.125,7.125,7.125,7.125,7.125,7.125,7.125,7.125,7.125,7.125,7.125,7.125,7.125,7.125,7.125,7.125,7.125,7.125,7.125,7.125,7.125,7.125,7.125,7.125,7.125,7.125,7.125,7.125,7.125,7.125,7.125,7.125,7.125,7.125,7.125,7.125,7.125,7.125,7.125,7.125,7.125,7.125,7.125,7.125,7.125,7.125,7.125,7.125,7.125,7.125,7.125,7.125,7.125,7.125,7.125,7.125,7.125,7.125,7.125,7.125,7.125,7.125,7.125,7.125,7.125,7.125,7.125,7.125,7.125,7.125,7.125,7.125,7.125,7.125,7.125,7.125,7.125,7.125,7.125,7.125,7.125,7.125,7.125,7.125,7.125,7.125,7.125,7.125,7.125,7.125,7.125,7.125,7.125,7.125,7.125,7.125,7.125,7.125,7.125,7.125,7.125,7.125,7.125,7.125,7.125,7.125,7.125,7.125,7.125,7.125,7.125,7.125,7.125,7.125,7.125,7.125,7.125,7.125,7.125,7.125,7.125,7.125,7.125,7.125,7.125,7.125,7.125,7.125,7.125,7.125,7.125,7.125,7.125,7.125,7.125,7.125,7.125,7.125,7.125,7.125,7.125,7.125
